mean	std
0.000000	0.265634
