mean	std
-0.12521619009736798	0.2599409628919107
