mean	std
-0.0980243472961974	0.24573989794860157
