mean	std
0.21820044760454768	0.2628830319345315
