best_profit	one_std_profit
187410.9586548339	78582.80784438232
