best_profit	one_std_profit
107428.18860091912	62486.986990268335
