best_profit	one_std_profit
107428.18860091912	66098.04798511794
